d_loss,g_loss,epoch,batch
1.175937294960022,0.23753097653388977,0,0
1.5620901584625244,0.13022345304489136,0,10
