d_loss,g_loss,epoch,batch
0.7238699197769165,0.47716864943504333,0,0
