d_loss,g_loss,epoch,batch
7.761590957641602,-0.46571773290634155,0,0
