d_loss,g_loss,epoch,batch
1.6020067930221558,7.841310977935791,0,0
3.355241298675537,9.131479263305664,0,10
1.8191580772399902,10.690900802612305,0,20
