d_loss,g_loss,epoch,batch
5.02295446395874,0.4696252942085266,0,0
