d_loss,g_loss,epoch,batch
6.928244113922119,0.5211760997772217,0,0
