d_loss,g_loss,epoch,batch
4.489039421081543,0.82594895362854,0,0
