d_loss,g_loss,epoch,batch
1.2004092931747437,0.7629647850990295,0,0
