d_loss,g_loss,epoch,batch
1.4787440299987793,0.44666406512260437,0,0
1.5552773475646973,0.4062272012233734,0,10
