d_loss,g_loss,epoch,batch
3.737151622772217,0.5765275955200195,0,0
