d_loss,g_loss,epoch,batch
4.635361194610596,0.8386240005493164,0,0
