d_loss,g_loss,epoch,batch
12.360440254211426,-0.36240535974502563,0,0
