d_loss,g_loss,epoch,batch
0.9537768363952637,0.8724515438079834,0,0
0.035783518105745316,4.133256912231445,0,10
